Name,Age,DNA
A,50,CCGCATCTTGACTTAACTGACATATTACCATAGATGACTAGCCATGCCACTAGCTCTTAGATAACCCGATACAGTGATTATGAAAGGTTTGTGGGGTATA
B,70,GCTATGACTTGCTTAGCTACGTATGAAGGAAGAAACTTTTGTGTATTTATATGTTCACCCGTCTATTACCCATGCCCGAAGATTATGTAGGTTGTGAGAT
C,12,CCGCCGATTGATACAGGGGACGGTGACGTCGTCATAGATTCGGCACGTTACCCTTGTAGGTGTGGAGCCACTTAGCTACGCGCCGAAGTCCCATGGCAAA
D,10,GCAGGAGAAGTTCTTAACCTTCTCGTAGGACGTCAACCTATTCTTTAATAGAGCATTTCATTCGAGCATGACAGTAAGTACGCTTTCTCAATTGTGCTAA
E,10,TCTTCATCCTTATCAAAGTTTGGAGTCAATGATCAGGATTATTGCCTTGCAATAAATTTCTTATTCACAGTCGCTCATATTGAGCTACTCGATGGGTTAT
F,15,ACCGATGGACAATGATTCGGGTAGCACCAGGAGTCCGTAGCGCGTGCATCCCGGCGTGGCGCGCGTACAGCTTAACCACCGCTTCATGCTAGGGTGCTGG
G,9,CAGCTTGACTCGGTCTGTTAGGCCACGATTACGTGAGTTAGGGCTCTGAACTGCGCTGTATAGTCGAATCTGATTCGGCCCTCACAACTGCAAACCCCAA
H,18,CTGCATGCTAGGTTGACACGCCTGCACTGCTCGAAGAAAATATGCGAAGCGGGCGGCCTGGCCGGAGCGCTACCCCGCCGGCGCGTGCTCGAATACTGTT
I,10,CTTATTTAGATAACATGATTAGCCGAAGTTGTACGGGATATCCACCGTAAAGTCCTCCCCGGGTGTCCCTCCTTCATTTGATGATAAGCAGCCGCTACCA
J,12,GATTGCTCGCACATGAGCAAAACGGTAGAGCGTCACTTTCAGCCCTCTTATCCCCGGCGATGTGTGTGAAATGGCGTTGATCCGGATTGACTCTATGACG
